scenario_id,steam_mass_t,soak_h,pump_speed_spm,temperature_c,viscosity_kcp,inflow_bpd,oil_rate_bpd,pump_fillage_pct,srp_load_kn,energy_kwh_bbl,risk_score,feasible,rejection_reason,objective_score,source_label
S-04-72-6,114,72,6,61.38,7.82,46.315,34.451,69.169,49.748,22.575,10.471,True,,21.675,SYNTHETIC
S-04-60-6,114,60,6,60.72,8.061,45.703,33.863,68.255,50.008,22.601,11.4,True,,20.842,SYNTHETIC
S-03-72-6,106,72,6,60.58,8.114,45.576,33.741,68.065,50.063,22.446,11.596,True,,20.741,SYNTHETIC
S-04-48-6,114,48,6,60.06,8.31,45.11,33.294,67.369,50.268,22.627,12.32,True,,20.032,SYNTHETIC
S-03-60-6,106,60,6,59.92,8.364,44.986,33.176,67.184,50.323,22.472,12.514,True,,19.935,SYNTHETIC
S-02-72-6,98,72,6,59.78,8.418,44.864,33.059,67.001,50.379,22.318,12.708,True,,19.839,SYNTHETIC
S-04-36-6,114,36,6,59.4,8.566,44.534,32.744,66.509,50.53,22.653,13.231,True,,19.243,SYNTHETIC
S-03-48-6,106,48,6,59.26,8.621,44.414,32.63,66.33,50.586,22.499,13.423,True,,19.15,SYNTHETIC
S-02-60-6,98,60,6,59.12,8.677,44.295,32.516,66.152,50.642,22.344,13.615,True,,19.058,SYNTHETIC
S-01-72-6,90,72,6,58.98,8.733,44.177,32.404,65.975,50.698,22.19,13.807,True,,18.967,SYNTHETIC
S-03-36-6,106,36,6,58.6,8.887,43.859,32.102,65.501,50.85,22.525,14.325,True,,18.385,SYNTHETIC
S-02-48-6,98,48,6,58.46,8.945,43.744,31.992,65.328,50.906,22.371,14.515,True,,18.297,SYNTHETIC
S-01-60-6,90,60,6,58.32,9.002,43.629,31.883,65.157,50.963,22.216,14.705,True,,18.21,SYNTHETIC
S-02-36-6,98,36,6,57.8,9.22,43.209,31.485,64.529,51.173,22.397,15.408,True,,17.554,SYNTHETIC
S-01-48-6,90,48,6,57.66,9.28,43.097,31.38,64.363,51.23,22.243,15.597,True,,17.471,SYNTHETIC
S-04-72-7,114,72,7,61.38,7.82,46.315,33.269,59.287,53.634,23.683,22.689,True,,16.939,SYNTHETIC
S-01-36-6,90,36,6,57.0,9.566,42.582,30.892,63.593,51.5,22.27,16.483,True,,16.75,SYNTHETIC
S-04-60-7,114,60,7,60.72,8.061,45.703,32.708,58.504,53.878,23.708,23.528,True,,16.158,SYNTHETIC
S-03-72-7,106,72,7,60.58,8.114,45.576,32.592,58.341,53.929,23.553,23.705,True,,16.066,SYNTHETIC
S-04-48-7,114,48,7,60.06,8.31,45.11,32.166,57.744,54.123,23.732,24.361,True,,15.396,SYNTHETIC
S-03-60-7,106,60,7,59.92,8.364,44.986,32.053,57.586,54.175,23.578,24.536,True,,15.309,SYNTHETIC
S-02-72-7,98,72,7,59.78,8.418,44.864,31.941,57.429,54.227,23.423,24.712,True,,15.222,SYNTHETIC
S-04-36-7,114,36,7,59.4,8.566,44.534,31.641,57.007,54.37,23.757,25.187,True,,14.653,SYNTHETIC
S-03-48-7,106,48,7,59.26,8.621,44.414,31.531,56.854,54.423,23.602,25.361,True,,14.57,SYNTHETIC
S-02-60-7,98,60,7,59.12,8.677,44.295,31.423,56.701,54.476,23.448,25.536,True,,14.488,SYNTHETIC
S-01-72-7,90,72,7,58.98,8.733,44.177,31.315,56.55,54.529,23.293,25.71,True,,14.406,SYNTHETIC
S-03-36-7,106,36,7,58.6,8.887,43.859,31.027,56.144,54.673,23.627,26.181,True,,13.849,SYNTHETIC
S-02-48-7,98,48,7,58.46,8.945,43.744,30.922,55.996,54.726,23.473,26.354,True,,13.771,SYNTHETIC
S-01-60-7,90,60,7,58.32,9.002,43.629,30.818,55.849,54.78,23.318,26.527,True,,13.693,SYNTHETIC
S-02-36-7,98,36,7,57.8,9.22,43.209,30.437,55.311,54.979,23.498,27.169,True,,13.071,SYNTHETIC
S-01-48-7,90,48,7,57.66,9.28,43.097,30.337,55.168,55.033,23.343,27.341,True,,12.997,SYNTHETIC
S-01-36-7,90,36,7,57.0,9.566,42.582,29.871,54.508,55.29,23.369,28.151,True,,12.317,SYNTHETIC
S-05-72-6,122,72,6,62.18,7.538,47.082,35.191,70.314,49.436,22.704,9.33,False,steam input exceeds prototype envelope,22.642,SYNTHETIC
S-05-60-6,122,60,6,61.52,7.77,46.447,34.578,69.366,49.694,22.729,10.273,False,steam input exceeds prototype envelope,21.782,SYNTHETIC
S-05-48-6,122,48,6,60.86,8.01,45.832,33.986,68.446,49.952,22.755,11.204,False,steam input exceeds prototype envelope,20.945,SYNTHETIC
S-05-36-6,122,36,6,60.2,8.257,45.234,33.413,67.554,50.213,22.781,12.126,False,steam input exceeds prototype envelope,20.13,SYNTHETIC
S-05-72-7,122,72,7,62.18,7.538,47.082,33.975,60.269,53.341,23.814,21.661,False,steam input exceeds prototype envelope,17.843,SYNTHETIC
S-05-60-7,122,60,7,61.52,7.77,46.447,33.391,59.457,53.583,23.838,22.51,False,steam input exceeds prototype envelope,17.036,SYNTHETIC
S-05-48-7,122,48,7,60.86,8.01,45.832,32.826,58.668,53.826,23.863,23.351,False,steam input exceeds prototype envelope,16.25,SYNTHETIC
S-05-36-7,122,36,7,60.2,8.257,45.234,32.279,57.904,54.071,23.887,24.185,False,steam input exceeds prototype envelope,15.484,SYNTHETIC
S-05-72-8,122,72,8,62.18,7.538,47.082,33.032,52.735,56.945,24.895,32.259,False,steam input exceeds prototype envelope,13.765,SYNTHETIC
S-05-60-8,122,60,8,61.52,7.77,46.447,32.47,52.024,57.175,24.917,33.038,False,steam input exceeds prototype envelope,12.997,SYNTHETIC
S-04-72-8,114,72,8,61.38,7.82,46.315,32.353,51.876,57.223,24.762,33.203,False,pump fillage below configurable minimum,12.909,SYNTHETIC
S-05-48-8,122,48,8,60.86,8.01,45.832,31.925,51.335,57.406,24.941,33.811,False,pump fillage below configurable minimum; steam input exceeds prototype envelope,12.249,SYNTHETIC
S-04-60-8,114,60,8,60.72,8.061,45.703,31.812,51.191,57.455,24.786,33.974,False,pump fillage below configurable minimum,12.165,SYNTHETIC
S-03-72-8,106,72,8,60.58,8.114,45.576,31.699,51.048,57.505,24.63,34.137,False,pump fillage below configurable minimum,12.081,SYNTHETIC
S-05-36-8,122,36,8,60.2,8.257,45.234,31.398,50.666,57.639,24.964,34.579,False,pump fillage below configurable minimum; steam input exceeds prototype envelope,11.52,SYNTHETIC
S-04-48-8,114,48,8,60.06,8.31,45.11,31.289,50.526,57.689,24.809,34.741,False,pump fillage below configurable minimum,11.439,SYNTHETIC
S-03-60-8,106,60,8,59.92,8.364,44.986,31.18,50.388,57.739,24.654,34.903,False,pump fillage below configurable minimum,11.36,SYNTHETIC
S-02-72-8,98,72,8,59.78,8.418,44.864,31.072,50.25,57.789,24.499,35.065,False,pump fillage below configurable minimum,11.281,SYNTHETIC
S-04-36-8,114,36,8,59.4,8.566,44.534,30.782,49.881,57.925,24.833,35.504,False,pump fillage below configurable minimum,10.732,SYNTHETIC
S-03-48-8,106,48,8,59.26,8.621,44.414,30.677,49.747,57.976,24.678,35.665,False,pump fillage below configurable minimum,10.656,SYNTHETIC
S-02-60-8,98,60,8,59.12,8.677,44.295,30.573,49.614,58.026,24.523,35.826,False,pump fillage below configurable minimum,10.581,SYNTHETIC
S-01-72-8,90,72,8,58.98,8.733,44.177,30.469,49.481,58.077,24.368,35.987,False,pump fillage below configurable minimum,10.506,SYNTHETIC
S-03-36-8,106,36,8,58.6,8.887,43.859,30.19,49.126,58.215,24.702,36.424,False,pump fillage below configurable minimum,9.969,SYNTHETIC
S-02-48-8,98,48,8,58.46,8.945,43.744,30.089,48.996,58.266,24.547,36.584,False,pump fillage below configurable minimum,9.897,SYNTHETIC
S-01-60-8,90,60,8,58.32,9.002,43.629,29.989,48.868,58.317,24.392,36.744,False,pump fillage below configurable minimum,9.826,SYNTHETIC
S-02-36-8,98,36,8,57.8,9.22,43.209,29.621,48.397,58.509,24.571,37.339,False,pump fillage below configurable minimum,9.23,SYNTHETIC
S-01-48-8,90,48,8,57.66,9.28,43.097,29.524,48.272,58.561,24.416,37.499,False,pump fillage below configurable minimum,9.162,SYNTHETIC
S-01-36-8,90,36,8,57.0,9.566,42.582,29.074,47.695,58.808,24.441,38.252,False,pump fillage below configurable minimum,8.513,SYNTHETIC
